{
    "threshold": 0.9607406551074261,
    "threshold_normal": 0.9607406551074261,
    "threshold_strict": 0.9891133979813912,
    "threshold_lenient": 0.9252747265149698,
    "mean_error": 0.7856769080919328,
    "std_error": 0.13377251766692105,
    "p90_error": 0.9252747265149698,
    "p95_error": 0.9607406551074261,
    "p99_error": 0.9891133979813912
}