{
    "threshold": 1.1648293369711034,
    "threshold_normal": 1.1648293369711034,
    "threshold_strict": 2.6285794873858506,
    "threshold_lenient": 0.6092906970632948,
    "mean_error": 0.32127714132194424,
    "std_error": 0.8857841153993078,
    "p90_error": 0.6092906970632948,
    "p95_error": 1.1648293369711034,
    "p99_error": 2.6285794873858506
}